{"stat.craftItem.minecraft.cooked_rabbit":1,"stat.pickup.iceandfire.fire_dragon_flesh":2,"stat.pickup.exoticbirds.cooked_birdmeat":1,"stat.craftItem.minecraft.iron_axe":1,"stat.useItem.exoticbirds.pelican_egg":1,"stat.swimOneCm":1568,"stat.drop.exoticbirds.cooked_birdmeat":4,"stat.pickup.minecraft.enchanted_book":1,"stat.drop.minecraft.cobblestone":1,"stat.useItem.minecraft.stone_slab2":13,"stat.useItem.minecraft.water_bucket":5,"stat.useItem.exoticbirds.swan_egg":1,"stat.useItem.chococraft.chocobo_drumstick_cooked":2,"stat.craftItem.minecraft.furnace":1,"stat.useItem.minecraft.red_flower":14,"stat.pickup.exoticbirds.eggshell":15,"stat.craftItem.minecraft.stone_axe":1,"stat.entityKilledBy.primitivemobs.skeleton_warrior":1,"stat.mineBlock.zawa.dried_bamboo":1,"stat.craftItem.minecraft.stone_pickaxe":2,"stat.pickup.exoticbirds.cardinal_egg":2,"stat.useItem.exoticbirds.cooked_birdmeat":10,"stat.pickup.everlastingabilities.ability_totem":3,"stat.pickup.minecraft.cobblestone":192,"stat.pickup.exoticbirds.budgie_egg":1,"stat.craftItem.lycanitesmobs.equipmentforge_lesser":1,"stat.useItem.exoticbirds.owl_egg":2,"stat.flyOneCm":334641,"stat.craftItem.minecraft.iron_shovel":1,"stat.entityKilledBy.firedragon":34,"stat.drop.minecraft.wheat_seeds":4,"stat.drop.minecraft.clay_ball":7,"stat.pickup.exoticbirds.cassowary_egg":1,"stat.mineBlock.minecraft.iron_ore":55,"stat.timeSinceDeath":4311,"stat.craftItem.minecraft.wooden_pickaxe":1,"stat.killEntity.midnight.rifter":1,"stat.pickup.exoticbirds.peafowl_egg":2,"stat.drop.minecraft.coal":1,"stat.craftItem.lycanitesmobs.cooked_maka_meat":5,"salamander.kill":1,"stat.useItem.exoticbirds.pigeon_egg":1,"stat.pickup.exoticbirds.mystery_egg":2,"stat.furnaceInteraction":33,"stat.mineBlock.minecraft.coal_ore":82,"stat.useItem.exoticbirds.crane_egg":2,"stat.entityKilledBy.grimoireofgaia.harpy":6,"stat.pickup.minecraft.string":1,"stat.useItem.exoticbirds.roadrunner_egg":1,"stat.entityKilledBy.Skeleton":2,"stat.craftItem.minecraft.stone_slab2":0,"stat.pickup.exoticbirds.pigeon_egg":1,"stat.pickup.exoticbirds.crane_egg":2,"stat.sprintOneCm":148686,"stat.craftItem.minecraft.stick":12,"stat.craftItem.minecraft.wooden_axe":1,"stat.useItem.exoticbirds.peafowl_egg":4,"stat.useItem.lycanitesmobs.equipment":22,"afrit.kill":1,"stat.mineBlock.minecraft.crafting_table":2,"stat.pickup.chococraft.gysahl_green_seeds":14,"stat.drop.lycanitesmobs.equipment":1,"stat.drop.lycanitesmobs.embercharge":2,"stat.deaths":62,"stat.drop":22,"stat.playOneMinute":78312,"stat.craftItem.minecraft.iron_pickaxe":1,"stat.pickup.zawa.care_guide":1,"stat.pickup.iceandfire.chared_dirt":5,"stat.mineBlock.valoegheses_be.ore_saltpeter":2,"stat.drop.zawa.dried_bamboo":1,"stat.pickup.exoticbirds.owl_egg":2,"stat.mineBlock.minecraft.tallgrass":14,"stat.chestOpened":28,"stat.useItem.minecraft.cooked_rabbit":1,"stat.pickup.iceandfire.dragonscales_bronze":3,"stat.useItem.minecraft.stone":5,"stat.pickup.minecraft.stone_axe":1,"stat.mineBlock.valoegheses_be.bush_small":1,"stat.useItem.exoticbirds.budgie_egg":1,"stat.craftItem.lycanitesmobs.ironpikejoint":1,"stat.craftItem.minecraft.coal":15,"stat.pickup.everlastingabilities.ability_bottle":1,"stat.craftItem.lycanitesmobs.ironpaxel":1,"stat.jump":1209,"stat.pickup.minecraft.coal":135,"stat.fallOneCm":58570,"stat.pickup.exoticbirds.hummingbird_egg":3,"stat.useItem.minecraft.stone_axe":90,"stat.entityKilledBy.CaveSpider":2,"stat.crouchOneCm":567,"stat.pickup.iceandfire.chared_stone":2,"stat.mineBlock.minecraft.chest":3,"stat.craftItem.exoticbirds.cooked_birdmeat":13,"stat.entityKilledBy.grimoireofgaia.werecat":2,"stat.craftItem.minecraft.torch":20,"stat.craftItem.minecraft.iron_ingot":69,"stat.pickup.minecraft.dirt":5,"stat.craftItem.minecraft.iron_helmet":1,"stat.craftingTableInteraction":15,"stat.pickup.minecraft.iron_ore":74,"stat.useItem.exoticbirds.gouldianfinch_egg":3,"stat.pickup.iceandfire.fire_dragon_heart":1,"stat.useItem.exoticbirds.hummingbird_egg":2,"stat.useItem.exoticbirds.bluejay_egg":2,"stat.pickup.minecraft.gold_ore":3,"stat.useItem.exoticbirds.kookaburra_egg":1,"stat.craftItem.lycanitesmobs.woodenhilt":2,"stat.damageTaken":17590,"stat.pickup.minecraft.feather":1,"stat.useItem.minecraft.wooden_pickaxe":23,"stat.craftItem.lycanitesmobs.ironrod":2,"stat.killEntity.exoticbirds.swan":2,"stat.killEntity.CaveSpider":1,"stat.pickup.minecraft.wheat_seeds":2,"stat.entityKilledBy.Zombie":1,"stat.pickup.lycanitesmobs.faeboltcharge":4,"stat.useItem.minecraft.stone_pickaxe":174,"stat.pickup.chococraft.chocobo_drumstick_cooked":2,"stat.useItem.exoticbirds.heron_egg":1,"stat.pickup.exoticbirds.birdmeat":13,"volcan.kill":1,"stat.damageDealt":6295,"stat.pickup.zawa.dried_bamboo":1,"stat.pickup.iceandfire.chared_grass":10,"stat.pickup.chococraft.gysahl_green":8,"stat.mineBlock.minecraft.dirt":5,"geonach.kill":12,"stat.useItem.exoticbirds.flamingo_egg":2,"stat.walkOneCm":141308,"stat.useItem.minecraft.torch":15,"stat.playerKills":3,"stat.useItem.minecraft.chest":1,"stat.pickup.lycanitesmobs.geonachfist":1,"stat.pickup.minecraft.stick":10,"stat.pickup.minecraft.iron_nugget":5,"stat.pickup.minecraft.crafting_table":2,"stat.killEntity.grimoireofgaia.werecat":1,"stat.pickup.minecraft.clay_ball":7,"stat.craftItem.lycanitesmobs.woodenrod":2,"stat.craftItem.minecraft.crafting_table":1,"stat.pickup.lycanitesmobs.embercharge":13,"stat.pickup.minecraft.log":43,"stat.useItem.exoticbirds.cassowary_egg":2,"stat.killEntity.exoticbirds.peafowl":3,"stat.entityKilledBy.grimoireofgaia.minotaurus":1,"stat.useItem.minecraft.yellow_flower":1,"stat.pickup.minecraft.stone":57,"stat.mineBlock.exoticbirds.nest":1,"stat.craftItem.minecraft.iron_chestplate":1,"stat.pickup.minecraft.sapling":5,"stat.useItem.exoticbirds.cardinal_egg":1,"stat.pickup.minecraft.apple":1,"stat.useItem.exoticbirds.robin_egg":2,"stat.pickup.exoticbirds.parrot_egg":2,"stat.craftItem.minecraft.bucket":1,"stat.craftItem.minecraft.planks":24,"stat.pickup.valoegheses_be.saltpeter":3,"stat.craftItem.lycanitesmobs.ironhilt":1,"stat.killEntity.grimoireofgaia.harpy":1,"stat.mobKills":33,"stat.mineBlock.minecraft.log":43,"stat.pickup.minecraft.quartz":31,"stat.pickup.iceandfire.dragonbone":12,"stat.useItem.exoticbirds.parrot_egg":3,"cinder.kill":3,"stat.mineBlock.minecraft.leaves":15,"stat.pickup.minecraft.torch":1,"stat.pickup.minecraft.red_flower":18,"stat.sneakTime":300,"stat.drop.minecraft.stone_axe":1,"stat.killEntity.firedragon":1,"stat.pickup.minecraft.yellow_flower":2,"stat.useItem.exoticbirds.duck_egg":3,"stat.mineBlock.minecraft.stone":73,"stat.pickup.minecraft.chest":3}