{"stat.pickup.exoticbirds.cooked_birdmeat":1,"stat.swimOneCm":587,"stat.drop.exoticbirds.cooked_birdmeat":4,"stat.useItem.minecraft.stone_slab2":4,"stat.craftItem.minecraft.furnace":1,"stat.craftItem.minecraft.stone_axe":1,"stat.entityKilledBy.primitivemobs.skeleton_warrior":1,"stat.mineBlock.zawa.dried_bamboo":1,"stat.craftItem.minecraft.stone_pickaxe":1,"stat.pickup.exoticbirds.cardinal_egg":1,"stat.useItem.exoticbirds.cooked_birdmeat":1,"stat.pickup.minecraft.cobblestone":18,"stat.pickup.exoticbirds.budgie_egg":1,"stat.flyOneCm":269007,"stat.entityKilledBy.firedragon":23,"stat.pickup.exoticbirds.cassowary_egg":1,"stat.mineBlock.minecraft.iron_ore":11,"stat.timeSinceDeath":201,"stat.craftItem.minecraft.wooden_pickaxe":1,"stat.pickup.exoticbirds.peafowl_egg":2,"stat.useItem.exoticbirds.pigeon_egg":1,"stat.pickup.exoticbirds.mystery_egg":2,"stat.furnaceInteraction":17,"stat.mineBlock.minecraft.coal_ore":6,"stat.entityKilledBy.grimoireofgaia.harpy":6,"stat.pickup.minecraft.string":1,"stat.entityKilledBy.Skeleton":2,"stat.craftItem.minecraft.stone_slab2":0,"stat.pickup.exoticbirds.pigeon_egg":1,"stat.pickup.exoticbirds.crane_egg":1,"stat.sprintOneCm":110643,"stat.craftItem.minecraft.stick":4,"stat.mineBlock.minecraft.crafting_table":2,"stat.pickup.chococraft.gysahl_green_seeds":14,"stat.deaths":44,"stat.drop":5,"stat.playOneMinute":41412,"stat.pickup.zawa.care_guide":1,"stat.pickup.iceandfire.chared_dirt":4,"stat.pickup.exoticbirds.owl_egg":2,"stat.mineBlock.minecraft.tallgrass":14,"stat.chestOpened":2,"stat.pickup.minecraft.stone_axe":1,"stat.mineBlock.valoegheses_be.bush_small":1,"stat.craftItem.minecraft.coal":15,"stat.pickup.everlastingabilities.ability_bottle":1,"stat.jump":851,"stat.pickup.minecraft.coal":9,"stat.fallOneCm":43159,"stat.pickup.exoticbirds.hummingbird_egg":3,"stat.useItem.minecraft.stone_axe":86,"stat.entityKilledBy.CaveSpider":2,"stat.crouchOneCm":10,"stat.pickup.iceandfire.chared_stone":2,"stat.mineBlock.minecraft.chest":2,"stat.craftItem.exoticbirds.cooked_birdmeat":10,"stat.entityKilledBy.grimoireofgaia.werecat":2,"stat.craftItem.minecraft.torch":12,"stat.craftItem.minecraft.iron_ingot":11,"stat.pickup.minecraft.dirt":5,"stat.craftingTableInteraction":5,"stat.pickup.minecraft.iron_ore":11,"stat.damageTaken":12108,"stat.pickup.minecraft.feather":1,"stat.useItem.minecraft.wooden_pickaxe":17,"stat.killEntity.exoticbirds.swan":2,"stat.killEntity.CaveSpider":1,"stat.pickup.minecraft.wheat_seeds":2,"stat.entityKilledBy.Zombie":1,"stat.useItem.minecraft.stone_pickaxe":20,"stat.pickup.exoticbirds.birdmeat":13,"stat.damageDealt":2634,"stat.pickup.zawa.dried_bamboo":1,"stat.pickup.iceandfire.chared_grass":8,"stat.pickup.chococraft.gysahl_green":8,"stat.mineBlock.minecraft.dirt":5,"stat.walkOneCm":73574,"stat.useItem.minecraft.torch":4,"stat.playerKills":2,"stat.pickup.minecraft.stick":10,"stat.pickup.minecraft.iron_nugget":5,"stat.pickup.minecraft.crafting_table":2,"stat.killEntity.grimoireofgaia.werecat":1,"stat.pickup.minecraft.clay_ball":7,"stat.craftItem.minecraft.crafting_table":1,"stat.pickup.lycanitesmobs.embercharge":6,"stat.pickup.minecraft.log":43,"stat.killEntity.exoticbirds.peafowl":3,"stat.entityKilledBy.grimoireofgaia.minotaurus":1,"stat.mineBlock.exoticbirds.nest":1,"stat.craftItem.minecraft.iron_chestplate":1,"stat.pickup.minecraft.sapling":5,"stat.pickup.minecraft.apple":1,"stat.pickup.exoticbirds.parrot_egg":2,"stat.craftItem.minecraft.planks":24,"stat.killEntity.grimoireofgaia.harpy":1,"stat.mobKills":12,"stat.mineBlock.minecraft.log":43,"cinder.kill":3,"stat.mineBlock.minecraft.leaves":15,"stat.pickup.minecraft.torch":1,"stat.sneakTime":64,"stat.drop.minecraft.stone_axe":1,"stat.mineBlock.minecraft.stone":18,"stat.pickup.minecraft.chest":2}