{"stat.pickup.iceandfire.fire_dragon_flesh":2,"stat.pickup.exoticbirds.cooked_birdmeat":1,"stat.swimOneCm":1083,"stat.drop.exoticbirds.cooked_birdmeat":4,"stat.useItem.minecraft.stone_slab2":11,"stat.useItem.exoticbirds.swan_egg":1,"stat.craftItem.minecraft.furnace":1,"stat.useItem.minecraft.red_flower":14,"stat.pickup.exoticbirds.eggshell":2,"stat.craftItem.minecraft.stone_axe":1,"stat.entityKilledBy.primitivemobs.skeleton_warrior":1,"stat.mineBlock.zawa.dried_bamboo":1,"stat.craftItem.minecraft.stone_pickaxe":1,"stat.pickup.exoticbirds.cardinal_egg":1,"stat.useItem.exoticbirds.cooked_birdmeat":6,"stat.pickup.minecraft.cobblestone":40,"stat.pickup.exoticbirds.budgie_egg":1,"stat.flyOneCm":309065,"stat.entityKilledBy.firedragon":34,"stat.drop.minecraft.wheat_seeds":4,"stat.drop.minecraft.clay_ball":7,"stat.pickup.exoticbirds.cassowary_egg":1,"stat.mineBlock.minecraft.iron_ore":22,"stat.timeSinceDeath":9687,"stat.craftItem.minecraft.wooden_pickaxe":1,"stat.killEntity.midnight.rifter":1,"stat.pickup.exoticbirds.peafowl_egg":2,"stat.drop.minecraft.coal":1,"stat.useItem.exoticbirds.pigeon_egg":1,"stat.pickup.exoticbirds.mystery_egg":2,"stat.furnaceInteraction":22,"stat.mineBlock.minecraft.coal_ore":16,"stat.entityKilledBy.grimoireofgaia.harpy":6,"stat.pickup.minecraft.string":1,"stat.useItem.exoticbirds.roadrunner_egg":1,"stat.entityKilledBy.Skeleton":2,"stat.craftItem.minecraft.stone_slab2":0,"stat.pickup.exoticbirds.pigeon_egg":1,"stat.pickup.exoticbirds.crane_egg":1,"stat.sprintOneCm":132884,"stat.craftItem.minecraft.stick":4,"stat.useItem.exoticbirds.peafowl_egg":4,"stat.mineBlock.minecraft.crafting_table":2,"stat.pickup.chococraft.gysahl_green_seeds":14,"stat.drop.lycanitesmobs.embercharge":2,"stat.deaths":61,"stat.drop":19,"stat.playOneMinute":54012,"stat.pickup.zawa.care_guide":1,"stat.pickup.iceandfire.chared_dirt":5,"stat.pickup.exoticbirds.owl_egg":2,"stat.mineBlock.minecraft.tallgrass":14,"stat.chestOpened":9,"stat.pickup.iceandfire.dragonscales_bronze":3,"stat.pickup.minecraft.stone_axe":1,"stat.mineBlock.valoegheses_be.bush_small":1,"stat.craftItem.minecraft.coal":15,"stat.pickup.everlastingabilities.ability_bottle":1,"stat.jump":1073,"stat.pickup.minecraft.coal":36,"stat.fallOneCm":53606,"stat.pickup.exoticbirds.hummingbird_egg":3,"stat.useItem.minecraft.stone_axe":90,"stat.entityKilledBy.CaveSpider":2,"stat.crouchOneCm":81,"stat.pickup.iceandfire.chared_stone":2,"stat.mineBlock.minecraft.chest":3,"stat.craftItem.exoticbirds.cooked_birdmeat":13,"stat.entityKilledBy.grimoireofgaia.werecat":2,"stat.craftItem.minecraft.torch":12,"stat.craftItem.minecraft.iron_ingot":13,"stat.pickup.minecraft.dirt":5,"stat.craftItem.minecraft.iron_helmet":1,"stat.craftingTableInteraction":6,"stat.pickup.minecraft.iron_ore":22,"stat.pickup.iceandfire.fire_dragon_heart":1,"stat.useItem.exoticbirds.kookaburra_egg":1,"stat.damageTaken":16850,"stat.pickup.minecraft.feather":1,"stat.useItem.minecraft.wooden_pickaxe":17,"stat.killEntity.exoticbirds.swan":2,"stat.killEntity.CaveSpider":1,"stat.pickup.minecraft.wheat_seeds":2,"stat.entityKilledBy.Zombie":1,"stat.pickup.lycanitesmobs.faeboltcharge":4,"stat.useItem.minecraft.stone_pickaxe":78,"stat.pickup.exoticbirds.birdmeat":13,"stat.damageDealt":4139,"stat.pickup.zawa.dried_bamboo":1,"stat.pickup.iceandfire.chared_grass":10,"stat.pickup.chococraft.gysahl_green":8,"stat.mineBlock.minecraft.dirt":5,"geonach.kill":3,"stat.walkOneCm":102208,"stat.useItem.minecraft.torch":9,"stat.playerKills":3,"stat.useItem.minecraft.chest":1,"stat.pickup.minecraft.stick":10,"stat.pickup.minecraft.iron_nugget":5,"stat.pickup.minecraft.crafting_table":2,"stat.killEntity.grimoireofgaia.werecat":1,"stat.pickup.minecraft.clay_ball":7,"stat.craftItem.minecraft.crafting_table":1,"stat.pickup.lycanitesmobs.embercharge":13,"stat.pickup.minecraft.log":43,"stat.killEntity.exoticbirds.peafowl":3,"stat.entityKilledBy.grimoireofgaia.minotaurus":1,"stat.useItem.minecraft.yellow_flower":1,"stat.pickup.minecraft.stone":6,"stat.mineBlock.exoticbirds.nest":1,"stat.craftItem.minecraft.iron_chestplate":1,"stat.pickup.minecraft.sapling":5,"stat.pickup.minecraft.apple":1,"stat.pickup.exoticbirds.parrot_egg":2,"stat.craftItem.minecraft.planks":24,"stat.killEntity.grimoireofgaia.harpy":1,"stat.mobKills":20,"stat.mineBlock.minecraft.log":43,"stat.pickup.minecraft.quartz":4,"stat.pickup.iceandfire.dragonbone":12,"cinder.kill":3,"stat.mineBlock.minecraft.leaves":15,"stat.pickup.minecraft.torch":1,"stat.pickup.minecraft.red_flower":18,"stat.sneakTime":88,"stat.drop.minecraft.stone_axe":1,"stat.killEntity.firedragon":1,"stat.pickup.minecraft.yellow_flower":2,"stat.mineBlock.minecraft.stone":22,"stat.pickup.minecraft.chest":3}