{"stat.chestOpened":8,"stat.walkOneCm":121281,"stat.craftItem.minecraft.bed":1,"stat.pickup.minecraft.bone":7,"stat.useItem.minecraft.torch":1,"stat.mineBlock.valoegheses_be.shrub_dune_large":1,"stat.pickup.midnight.viridshroom":1,"stat.pickup.minecraft.stick":9,"stat.leaveGame":3,"stat.pickup.lycanitesmobs.embercharge":6,"maka.kill":1,"stat.craftItem.minecraft.crafting_table":1,"stat.mineBlock.valoegheses_be.bush_small":3,"stat.useItem.valoegheses_be.berry_bush":8,"stat.mineBlock.valoegheses_be.leaves_peach_homozygous_dominant":1,"stat.talkedToVillager":4,"stat.entityKilledBy.grimoireofgaia.harpy":1,"stat.mineBlock.zawa.bamboo":1,"stat.pickup.minecraft.log":7,"stat.pickup.everlastingabilities.ability_bottle":1,"stat.jump":964,"stat.swimOneCm":11091,"stat.pickup.minecraft.coal":2,"stat.fallOneCm":50832,"stat.pickup.zawa.bamboo":1,"stat.entityKilledBy.Skeleton":1,"stat.entityKilledBy.grimoireofgaia.minotaurus":2,"stat.pickup.iceandfire.chared_stone":1,"stat.crouchOneCm":195,"stat.pickup.minecraft.dirt":2,"stat.sprintOneCm":89616,"stat.useItem.minecraft.stone_slab2":6,"stat.craftingTableInteraction":1,"roc.kill":1,"stat.craftItem.minecraft.planks":36,"stat.mineBlock.minecraft.leaves2":4,"stat.mineBlock.minecraft.log2":3,"stat.pickup.minecraft.wooden_pickaxe":1,"stat.damageTaken":12371,"stat.pickup.minecraft.feather":3,"stat.pickup.minecraft.leather":2,"stat.pickup.lycanitesmobs.raw_maka_meat":2,"stat.pickup.valoegheses_be.shrub_dune_large":1,"stat.mobKills":6,"stat.pickup.dynamictrees.oakseed":4,"stat.entityKilledBy.cyclops":1,"stat.pickup.minecraft.log2":4,"stat.craftItem.minecraft.shears":1,"stat.flyOneCm":334685,"stat.deaths":44,"stat.entityKilledBy.firedragon":29,"stat.pickup.valoegheses_be.berry_bush":8,"stat.playOneMinute":37145,"stat.entityKilledBy.Zombie":1,"stat.pickup.minecraft.torch":7,"stat.pickup.minecraft.red_flower":14,"stat.sneakTime":279,"stat.pickup.minecraft.wool":5,"stat.damageDealt":1024,"stat.mineBlock.midnight.viridshroom":1,"stat.sleepInBed":1,"stat.pickup.zawa.care_guide":1,"stat.timeSinceDeath":198,"stat.pickup.minecraft.stone_slab":8,"stat.mineBlock.minecraft.dirt":2,"stat.mineBlock.minecraft.tallgrass":5,"stat.diveOneCm":3148}