{"stats":{"minecraft:mined":{"minecraft:grass_block":4,"minecraft:poppy":5,"minecraft:dirt":3},"minecraft:custom":{"minecraft:jump":83,"minecraft:leave_game":1,"minecraft:time_since_rest":159,"minecraft:deaths":2,"minecraft:damage_dealt":255,"minecraft:play_one_minute":2504,"minecraft:damage_taken":525,"minecraft:sprint_one_cm":6643,"minecraft:time_since_death":127,"minecraft:walk_one_cm":10293,"minecraft:fall_one_cm":1585,"minecraft:fly_one_cm":8595},"minecraft:used":{"minecraft:poppy":5},"minecraft:picked_up":{"minecraft:oak_log":1,"minecraft:poppy":5,"minecraft:oak_sapling":1,"minecraft:dirt":19},"minecraft:killed_by":{"minecraft:skeleton":1,"minecraft:creeper":1}},"DataVersion":2586}