{"stat.pickup.exoticbirds.bluejay_egg":3,"stat.useItem.minecraft.iron_axe":2,"stat.pickup.exoticbirds.cooked_birdmeat":3,"stat.leaveGame":1,"stat.mineBlock.minecraft.cobblestone":4,"stat.pickup.exoticbirds.seagull_egg":2,"stat.swimOneCm":3223,"stat.useItem.minecraft.stone_slab2":5,"stat.craftItem.minecraft.furnace":1,"stat.useItem.exoticbirds.ostrich_egg":1,"stat.pickup.exoticbirds.eggshell":6,"stat.craftItem.minecraft.stone_axe":2,"stat.craftItem.minecraft.stone_pickaxe":2,"stat.useItem.exoticbirds.cooked_birdmeat":2,"stat.pickup.minecraft.cobblestone":126,"stat.flyOneCm":340559,"stat.entityKilledBy.firedragon":35,"stat.pickup.exoticbirds.kookaburra_egg":1,"stat.pickup.exoticbirds.cassowary_egg":1,"stat.mineBlock.minecraft.iron_ore":10,"stat.timeSinceDeath":9,"stat.craftItem.minecraft.wooden_pickaxe":2,"stat.killEntity.midnight.rifter":1,"stat.pickup.exoticbirds.peafowl_egg":5,"stat.pickup.lycanitesmobs.frostboltcharge":2,"stat.pickup.exoticbirds.mystery_egg":19,"stat.useItem.exoticbirds.pigeon_egg":1,"stat.furnaceInteraction":7,"stat.useItem.exoticbirds.crane_egg":1,"stat.entityKilledBy.grimoireofgaia.harpy":7,"stat.pickup.minecraft.string":1,"stat.pickup.lycanitesmobs.scorchfireballcharge":3,"stat.entityKilledBy.Skeleton":4,"stat.craftItem.minecraft.stone_slab2":0,"stat.pickup.exoticbirds.heron_egg":1,"stat.pickup.exoticbirds.crane_egg":1,"stat.sprintOneCm":129566,"stat.craftItem.minecraft.stick":8,"stat.useItem.exoticbirds.peafowl_egg":3,"stat.mineBlock.minecraft.crafting_table":1,"stat.pickup.chococraft.gysahl_green_seeds":3,"stat.deaths":64,"stat.pickup.valoegheses_be.berry_bush":2,"stat.playOneMinute":43996,"stat.pickup.zawa.care_guide":1,"stat.pickup.exoticbirds.roadrunner_egg":1,"stat.pickup.minecraft.snowball":6,"stat.pickup.primitivemobs.camouflage_dye":5,"stat.pickup.iceandfire.chared_dirt":6,"stat.mineBlock.minecraft.tallgrass":7,"stat.diveOneCm":292,"stat.chestOpened":4,"stat.pickup.exoticbirds.duck_egg":3,"stat.pickup.exoticbirds.ostrich_egg":1,"maka.kill":1,"stat.mineBlock.valoegheses_be.bush_small":1,"stat.useItem.minecraft.apple":1,"stat.craftItem.minecraft.coal":3,"stat.pickup.everlastingabilities.ability_bottle":1,"stat.jump":1187,"stat.pickup.minecraft.coal":2,"stat.fallOneCm":53644,"stat.entityKilledBy.grimoireofgaia.gelatinous_slime":1,"stat.pickup.exoticbirds.hummingbird_egg":2,"stat.pickup.exoticbirds.swan_egg":1,"stat.useItem.minecraft.stone_axe":16,"stat.crouchOneCm":854,"stat.pickup.iceandfire.chared_stone":1,"stat.pickup.exoticbirds.gouldianfinch_egg":5,"stat.pickup.minecraft.spider_eye":1,"stat.entityKilledBy.grimoireofgaia.werecat":4,"stat.craftItem.minecraft.torch":4,"stat.craftItem.minecraft.iron_ingot":10,"stat.pickup.minecraft.dirt":3,"stat.craftingTableInteraction":7,"stat.pickup.minecraft.iron_ore":10,"stat.useItem.exoticbirds.gouldianfinch_egg":2,"stat.useItem.exoticbirds.hummingbird_egg":1,"stat.useItem.exoticbirds.bluejay_egg":1,"stat.damageTaken":16767,"stat.pickup.minecraft.leather":1,"stat.pickup.lycanitesmobs.raw_maka_meat":1,"stat.mineBlock.minecraft.torch":3,"stat.useItem.minecraft.wooden_pickaxe":9,"stat.pickup.minecraft.wheat_seeds":2,"stat.useItem.minecraft.stone_pickaxe":130,"stat.damageDealt":1438,"stat.pickup.iceandfire.chared_grass":5,"stat.pickup.chococraft.gysahl_green":1,"stat.pickup.exoticbirds.pelican_egg":1,"stat.mineBlock.minecraft.dirt":3,"stat.walkOneCm":142145,"stat.pickup.exoticbirds.flamingo_egg":2,"stat.useItem.minecraft.torch":3,"stat.pickup.minecraft.stick":22,"stat.pickup.minecraft.crafting_table":1,"stat.useItem.minecraft.cobblestone":20,"stat.craftItem.minecraft.crafting_table":3,"stat.pickup.lycanitesmobs.embercharge":5,"stat.useItem.valoegheses_be.berry_bush":2,"stat.pickup.minecraft.log":17,"stat.mineBlock.zawa.golden_sparks":1,"stat.mineBlock.exoticbirds.nest":1,"stat.craftItem.minecraft.iron_chestplate":1,"stat.pickup.minecraft.sapling":12,"stat.pickup.minecraft.apple":1,"stat.craftItem.minecraft.planks":28,"stat.mobKills":2,"stat.mineBlock.minecraft.log":17,"stat.useItem.exoticbirds.parrot_egg":3,"stat.useItem.exoticbirds.seagull_egg":2,"stat.mineBlock.minecraft.leaves":3,"stat.pickup.minecraft.torch":3,"stat.sneakTime":565,"stat.pickup.minecraft.rabbit":1,"stat.mineBlock.minecraft.stone":122}