{"stat.pickup.minecraft.sand":2,"stat.walkOneCm":36170,"stat.entityKilledBy.grimoireofgaia.naga":1,"stat.pickup.minecraft.stick":6,"stat.leaveGame":3,"stat.damageTaken":2709,"stat.pickup.minecraft.leather":2,"stat.mineBlock.minecraft.double_plant":8,"stat.mobKills":1,"stat.pickup.dynamictrees.oakseed":2,"stat.mineBlock.minecraft.log":4,"stat.entityKilledBy.Creeper":2,"stat.useItem.minecraft.beef":2,"stat.pickup.minecraft.reeds":2,"stat.pickup.minecraft.log":13,"stat.flyOneCm":145888,"stat.deaths":10,"stat.pickup.minecraft.wheat_seeds":5,"stat.jump":501,"stat.swimOneCm":8702,"stat.mineBlock.minecraft.sand":2,"stat.useItem.minecraft.sand":1,"stat.playOneMinute":19486,"stat.fallOneCm":17249,"stat.entityKilledBy.Zombie":2,"stat.climbOneCm":16,"stat.pickup.minecraft.beef":8,"stat.killEntity.Sheep":1,"stat.sneakTime":12,"stat.entityKilledBy.grimoireofgaia.minotaurus":3,"stat.pickup.minecraft.wool":3,"stat.damageDealt":706,"stat.crouchOneCm":17,"stat.timeSinceDeath":224,"stat.pickup.minecraft.dirt":27,"stat.useItem.minecraft.dirt":1,"stat.sprintOneCm":53424,"stat.mineBlock.minecraft.dirt":19,"stat.useItem.minecraft.stone_slab2":1,"stat.mineBlock.minecraft.tallgrass":36,"stat.diveOneCm":4749,"stat.pickup.minecraft.mutton":2}