{"stats":{"minecraft:killed_by":{"minecraft:skeleton":1,"minecraft:creeper":1},"minecraft:mined":{"minecraft:grass":1,"minecraft:grass_block":11,"minecraft:poppy":5,"minecraft:dirt":3,"minecraft:birch_log":1,"minecraft:tall_grass":1},"minecraft:used":{"minecraft:salmon":1,"minecraft:poppy":5,"minecraft:spider_eye":1,"minecraft:potato":12,"minecraft:rotten_flesh":1},"minecraft:picked_up":{"minecraft:birch_log":1,"minecraft:rotten_flesh":1,"minecraft:salmon":1,"minecraft:wheat_seeds":1,"minecraft:oak_log":2,"minecraft:poppy":5,"minecraft:oak_sapling":1,"minecraft:dirt":45,"minecraft:spider_eye":1,"minecraft:string":1},"minecraft:custom":{"minecraft:open_chest":2,"minecraft:time_since_rest":4227,"minecraft:play_one_minute":11230,"minecraft:damage_taken":1155,"minecraft:sprint_one_cm":15957,"minecraft:deaths":3,"minecraft:walk_one_cm":31857,"minecraft:walk_under_water_one_cm":4893,"minecraft:mob_kills":4,"minecraft:jump":215,"minecraft:damage_dealt":443,"minecraft:leave_game":5,"minecraft:time_since_death":4192,"minecraft:walk_on_water_one_cm":2049,"minecraft:swim_one_cm":2800,"minecraft:fall_one_cm":4540,"minecraft:fly_one_cm":30039},"minecraft:killed":{"minecraft:salmon":1}},"DataVersion":2586}