{"stat.walkOneCm":14026,"stat.trappedChestTriggered":2,"stat.leaveGame":2,"stat.drop.everlastingabilities.ability_bottle":1,"stat.pickup.everlastingabilities.ability_bottle":1,"stat.useItem.minecraft.melon":2,"stat.jump":148,"stat.swimOneCm":695,"stat.pickup.minecraft.coal":3,"stat.fallOneCm":5348,"stat.crouchOneCm":302,"stat.sprintOneCm":16558,"stat.pickup.minecraft.melon":3,"stat.pickup.minecraft.gold_ingot":3,"stat.killEntity.primitivemobs.chameleon":1,"stat.damageTaken":490,"stat.drop.primitivemobs.camouflage_dye":1,"stat.mineBlock.minecraft.melon_block":1,"stat.pickup.everlastingabilities.ability_totem":1,"stat.mobKills":1,"stat.pickup.minecraft.book":2,"stat.pickup.minecraft.quartz":5,"stat.flyOneCm":39871,"stat.drop":3,"stat.playOneMinute":6008,"stat.sneakTime":47,"stat.damageDealt":135,"stat.timeSinceDeath":6008,"stat.pickup.zawa.care_guide":1,"stat.pickup.primitivemobs.camouflage_dye":1,"stat.pickup.minecraft.stone_slab":15,"stat.drop.zawa.care_guide":1,"stat.diveOneCm":1534}