{"stat.chestOpened":2,"stat.walkOneCm":55154,"stat.pickup.minecraft.bone":3,"stat.useItem.minecraft.torch":1,"stat.pickup.midnight.viridshroom":1,"stat.leaveGame":2,"stat.mineBlock.valoegheses_be.leaves_peach_homozygous_dominant":1,"stat.talkedToVillager":3,"stat.mineBlock.zawa.bamboo":1,"stat.pickup.everlastingabilities.ability_bottle":1,"stat.jump":456,"stat.swimOneCm":2427,"stat.fallOneCm":24471,"stat.pickup.zawa.bamboo":1,"stat.entityKilledBy.Skeleton":1,"stat.pickup.iceandfire.chared_stone":1,"stat.crouchOneCm":1,"stat.sprintOneCm":45435,"stat.useItem.minecraft.stone_slab2":2,"roc.kill":1,"stat.craftItem.minecraft.planks":8,"stat.mineBlock.minecraft.leaves2":4,"stat.mineBlock.minecraft.log2":3,"stat.damageTaken":3785,"stat.pickup.minecraft.feather":3,"stat.mobKills":3,"stat.pickup.minecraft.log2":3,"stat.flyOneCm":165726,"stat.deaths":14,"stat.entityKilledBy.firedragon":7,"stat.playOneMinute":17109,"stat.entityKilledBy.Zombie":1,"stat.pickup.minecraft.torch":7,"stat.pickup.minecraft.red_flower":14,"stat.sneakTime":20,"stat.damageDealt":462,"stat.mineBlock.midnight.viridshroom":1,"stat.pickup.zawa.care_guide":1,"stat.timeSinceDeath":412,"stat.pickup.minecraft.stone_slab":8,"stat.mineBlock.minecraft.tallgrass":1,"stat.diveOneCm":2409}