{"stat.useItem.iceandfire.fire_dragon_flesh":3,"stat.pickup.iceandfire.fire_dragon_flesh":5,"stat.pickup.exoticbirds.bluejay_egg":3,"stat.useItem.minecraft.iron_axe":2,"stat.pickup.exoticbirds.cooked_birdmeat":3,"stat.leaveGame":1,"stat.mineBlock.minecraft.cobblestone":4,"stat.pickup.exoticbirds.seagull_egg":2,"stat.drop.minecraft.enchanted_book":1,"stat.swimOneCm":4553,"stat.pickup.minecraft.enchanted_book":4,"stat.pickup.valoegheses_be.sulphurrock":8,"stat.pickup.chococraft.chocobo_drumstick_raw":4,"stat.useItem.minecraft.stone_slab2":11,"stat.useItem.chococraft.chocobo_drumstick_cooked":2,"stat.craftItem.minecraft.furnace":1,"stat.useItem.exoticbirds.ostrich_egg":1,"stat.pickup.exoticbirds.eggshell":10,"stat.craftItem.minecraft.stone_axe":2,"stat.craftItem.minecraft.iron_boots":1,"stat.craftItem.minecraft.stone_pickaxe":3,"stat.useItem.exoticbirds.cooked_birdmeat":3,"stat.pickup.everlastingabilities.ability_totem":1,"stat.pickup.minecraft.cobblestone":1270,"stat.flyOneCm":448800,"stat.useItem.minecraft.ender_pearl":2,"stat.entityKilledBy.firedragon":42,"stat.pickup.exoticbirds.kookaburra_egg":1,"stat.craftItem.minecraft.wooden_slab":6,"stat.pickup.exoticbirds.cassowary_egg":1,"stat.mineBlock.minecraft.iron_ore":19,"stat.timeSinceDeath":4703,"stat.craftItem.minecraft.wooden_pickaxe":2,"stat.killEntity.midnight.rifter":1,"stat.pickup.exoticbirds.peafowl_egg":5,"stat.drop.minecraft.coal":2,"stat.pickup.lycanitesmobs.frostboltcharge":2,"stat.pickup.exoticbirds.mystery_egg":19,"stat.useItem.exoticbirds.pigeon_egg":1,"stat.furnaceInteraction":17,"stat.pickup.iceandfire.dragon_skull":1,"stat.mineBlock.minecraft.coal_ore":15,"stat.drop.iceandfire.dragonbone":1,"stat.useItem.exoticbirds.crane_egg":1,"stat.entityKilledBy.grimoireofgaia.harpy":7,"stat.pickup.minecraft.nether_brick":1,"stat.pickup.minecraft.string":1,"stat.pickup.lycanitesmobs.scorchfireballcharge":6,"grue.kill":2,"stat.craftItem.chococraft.chocobo_drumstick_cooked":4,"stat.entityKilledBy.Skeleton":4,"stat.craftItem.minecraft.stone_slab2":0,"stat.pickup.exoticbirds.heron_egg":1,"stat.pickup.exoticbirds.crane_egg":1,"stat.sprintOneCm":188200,"stat.craftItem.minecraft.stick":12,"stat.useItem.exoticbirds.peafowl_egg":3,"stat.useItem.minecraft.snowball":6,"stat.useItem.lycanitesmobs.equipment":12,"stat.mineBlock.minecraft.crafting_table":1,"stat.drop.iceandfire.fire_dragon_flesh":2,"stat.pickup.chococraft.gysahl_green_seeds":3,"stat.deaths":80,"stat.pickup.valoegheses_be.berry_bush":3,"stat.drop":10,"stat.playOneMinute":80896,"stat.mineBlock.valoegheses_be.ore_sulphur":6,"stat.drop.chococraft.chocobo_drumstick_cooked":2,"stat.pickup.zawa.care_guide":1,"stat.pickup.exoticbirds.roadrunner_egg":1,"stat.pickup.minecraft.snowball":6,"stat.pickup.primitivemobs.camouflage_dye":5,"stat.pickup.iceandfire.chared_dirt":11,"stat.mineBlock.minecraft.tallgrass":7,"stat.diveOneCm":742,"stat.pickup.lycanitesmobs.equipment":1,"stat.chestOpened":23,"stat.pickup.exoticbirds.duck_egg":3,"stat.pickup.iceandfire.dragonscales_bronze":13,"stat.pickup.exoticbirds.ostrich_egg":1,"stat.pickup.minecraft.gravel":1,"maka.kill":2,"stat.mineBlock.valoegheses_be.bush_small":2,"stat.useItem.minecraft.apple":1,"stat.pickup.minecraft.obsidian":3,"stat.craftItem.lycanitesmobs.ironpikejoint":1,"stat.craftItem.minecraft.coal":3,"stat.pickup.everlastingabilities.ability_bottle":2,"stat.jump":1917,"stat.pickup.minecraft.coal":54,"stat.fallOneCm":76128,"stat.entityKilledBy.grimoireofgaia.gelatinous_slime":1,"stat.pickup.exoticbirds.hummingbird_egg":2,"stat.pickup.exoticbirds.swan_egg":1,"stat.useItem.minecraft.stone_axe":36,"stat.crouchOneCm":2159,"stat.pickup.iceandfire.chared_stone":3,"stat.pickup.exoticbirds.gouldianfinch_egg":5,"stat.pickup.minecraft.spider_eye":1,"stat.entityKilledBy.grimoireofgaia.werecat":4,"stat.craftItem.minecraft.torch":8,"stat.craftItem.minecraft.iron_ingot":28,"stat.pickup.minecraft.dirt":12,"stat.craftItem.minecraft.iron_helmet":1,"stat.craftingTableInteraction":14,"stat.pickup.minecraft.iron_ore":45,"stat.useItem.exoticbirds.gouldianfinch_egg":2,"stat.craftItem.iceandfire.armor_bronze_leggings":1,"stat.useItem.exoticbirds.hummingbird_egg":2,"stat.useItem.exoticbirds.bluejay_egg":1,"stat.craftItem.lycanitesmobs.woodenhilt":1,"stat.damageTaken":21727,"stat.pickup.minecraft.leather":3,"stat.pickup.lycanitesmobs.raw_maka_meat":5,"stat.mineBlock.minecraft.torch":3,"stat.useItem.minecraft.wooden_pickaxe":10,"stat.pickup.minecraft.magma_cream":3,"stat.pickup.minecraft.wheat_seeds":5,"stat.pickup.lycanitesmobs.geonachspear":2,"stat.mineBlock.minecraft.gravel":1,"stat.useItem.minecraft.stone_pickaxe":159,"stat.damageDealt":4260,"stat.pickup.iceandfire.chared_grass":5,"stat.pickup.zawa.dried_bamboo":1,"stat.craftItem.exoticbirds.birdcage_birch":1,"stat.pickup.chococraft.gysahl_green":1,"stat.pickup.exoticbirds.pelican_egg":1,"stat.killEntity.Silverfish":10,"stat.mineBlock.minecraft.dirt":3,"geonach.kill":5,"stat.walkOneCm":270929,"stat.pickup.exoticbirds.flamingo_egg":2,"stat.useItem.minecraft.torch":13,"stat.pickup.lycanitesmobs.geonachfist":2,"stat.pickup.minecraft.stick":25,"stat.pickup.minecraft.crafting_table":1,"stat.pickup.minecraft.clay_ball":7,"stat.useItem.minecraft.cobblestone":48,"stat.craftItem.lycanitesmobs.woodenrod":1,"stat.craftItem.minecraft.crafting_table":3,"stat.pickup.lycanitesmobs.embercharge":10,"stat.drop.everlastingabilities.ability_bottle":1,"stat.useItem.valoegheses_be.berry_bush":3,"stat.pickup.minecraft.log":19,"stat.mineBlock.zawa.golden_sparks":1,"stat.pickup.quark.root_flower":1,"stat.pickup.minecraft.stone":25,"stat.mineBlock.exoticbirds.nest":1,"stat.craftItem.minecraft.iron_chestplate":1,"stat.pickup.minecraft.sapling":13,"stat.pickup.minecraft.ender_pearl":4,"stat.pickup.minecraft.apple":1,"stat.craftItem.minecraft.planks":40,"stat.drop.everlastingabilities.ability_totem":1,"stat.mobKills":23,"stat.mineBlock.minecraft.log":17,"stat.pickup.minecraft.quartz":41,"stat.useItem.exoticbirds.parrot_egg":3,"stat.pickup.iceandfire.dragonbone":2,"cinder.kill":1,"stat.useItem.exoticbirds.seagull_egg":2,"stat.mineBlock.minecraft.leaves":3,"stat.pickup.minecraft.torch":3,"stat.sneakTime":1468,"stat.pickup.minecraft.rabbit":1,"stat.mineBlock.minecraft.stone":169}