{"stats":{"minecraft:used":{"minecraft:rotten_flesh":1,"minecraft:poppy":5,"minecraft:spider_eye":1,"minecraft:potato":12},"minecraft:custom":{"minecraft:time_since_rest":549,"minecraft:open_chest":2,"minecraft:play_one_minute":7552,"minecraft:damage_taken":890,"minecraft:sprint_one_cm":14048,"minecraft:deaths":3,"minecraft:walk_one_cm":26949,"minecraft:walk_under_water_one_cm":486,"minecraft:mob_kills":3,"minecraft:jump":190,"minecraft:damage_dealt":413,"minecraft:leave_game":3,"minecraft:time_since_death":514,"minecraft:walk_on_water_one_cm":564,"minecraft:swim_one_cm":711,"minecraft:fall_one_cm":4540,"minecraft:fly_one_cm":27562},"minecraft:picked_up":{"minecraft:rotten_flesh":1,"minecraft:wheat_seeds":1,"minecraft:oak_log":2,"minecraft:poppy":5,"minecraft:oak_sapling":1,"minecraft:dirt":39,"minecraft:spider_eye":1,"minecraft:string":1,"minecraft:birch_log":1},"minecraft:killed_by":{"minecraft:skeleton":1,"minecraft:creeper":1},"minecraft:mined":{"minecraft:grass":1,"minecraft:grass_block":5,"minecraft:poppy":5,"minecraft:dirt":3,"minecraft:birch_log":1,"minecraft:tall_grass":1}},"DataVersion":2586}