{"stat.walkOneCm":70477,"stat.leaveGame":1,"stat.damageTaken":105,"stat.pickup.biomesoplenty.berries":1,"stat.mineBlock.minecraft.yellow_flower":1,"stat.mineBlock.minecraft.red_flower":1,"stat.pickup.everlastingabilities.ability_totem":1,"stat.mobKills":1,"stat.talkedToVillager":1,"stat.flyOneCm":56763,"stat.pickup.everlastingabilities.ability_bottle":1,"stat.pickup.minecraft.wheat_seeds":1,"stat.jump":280,"stat.swimOneCm":2191,"stat.playOneMinute":9806,"stat.fallOneCm":8623,"stat.pickup.minecraft.beef":1,"stat.pickup.minecraft.red_flower":1,"stat.damageDealt":160,"stat.pickup.zawa.care_guide":1,"stat.timeSinceDeath":9806,"stat.useItem.biomesoplenty.berries":1,"stat.killEntity.Cow":1,"stat.pickup.minecraft.yellow_flower":1,"stat.sprintOneCm":35696,"stat.mineBlock.minecraft.tallgrass":2,"stat.diveOneCm":1967}