{"stat.chestOpened":1,"stat.leaveGame":5,"stat.pickup.minecraft.gold_nugget":148,"stat.pickup.everlastingabilities.ability_bottle":1,"stat.jump":794,"stat.swimOneCm":8956,"stat.useItem.minecraft.sand":1,"stat.pickup.zawa.worm":2,"stat.fallOneCm":26572,"stat.climbOneCm":16,"stat.useItem.minecraft.planks":3,"stat.crouchOneCm":17,"stat.pickup.minecraft.dirt":30,"stat.useItem.minecraft.dirt":1,"stat.useItem.minecraft.stone_slab2":1,"stat.pickup.minecraft.sand":2,"stat.damageTaken":3686,"stat.pickup.minecraft.leather":2,"stat.pickup.minecraft.reeds":2,"stat.entityKilledBy.ZombieVillager":1,"stat.flyOneCm":214544,"stat.entityKilledBy.firedragon":1,"stat.pickup.minecraft.wheat_seeds":9,"stat.mineBlock.minecraft.sand":2,"stat.entityKilledBy.Zombie":2,"stat.damageDealt":912,"stat.timeSinceDeath":50,"stat.mineBlock.minecraft.dirt":22,"stat.pickup.minecraft.mutton":2,"stat.walkOneCm":54570,"stat.pickup.minecraft.stick":6,"stat.mineBlock.minecraft.double_plant":8,"stat.entityKilledBy.grimoireofgaia.harpy":2,"stat.pickup.minecraft.log":16,"stat.pickup.minecraft.beef":8,"stat.entityKilledBy.grimoireofgaia.minotaurus":3,"stat.sprintOneCm":74766,"stat.entityKilledBy.grimoireofgaia.naga":1,"stat.mineBlock.iceandfire.goldpile":37,"stat.craftItem.minecraft.planks":4,"stat.mobKills":1,"stat.pickup.dynamictrees.oakseed":6,"stat.mineBlock.minecraft.log":7,"stat.entityKilledBy.Creeper":2,"stat.useItem.minecraft.beef":2,"stat.deaths":14,"stat.playOneMinute":27770,"stat.killEntity.Sheep":1,"stat.sneakTime":12,"stat.pickup.minecraft.wool":3,"stat.pickup.zawa.care_guide":1,"stat.mineBlock.minecraft.tallgrass":56,"stat.diveOneCm":4749}