{"stats":{"minecraft:picked_up":{"minecraft:salmon":1,"minecraft:leather":2,"minecraft:wheat_seeds":1,"minecraft:gravel":2,"minecraft:beef":3,"minecraft:flint":1,"minecraft:cobblestone":1,"minecraft:dark_oak_log":1,"minecraft:dirt":15},"minecraft:killed":{"minecraft:horse":1,"minecraft:cow":1,"minecraft:salmon":1},"minecraft:used":{"minecraft:salmon":1,"minecraft:beef":3},"minecraft:mined":{"minecraft:grass":12,"minecraft:grass_block":2,"minecraft:tall_grass":2,"minecraft:dark_oak_log":1},"minecraft:custom":{"minecraft:time_since_rest":661,"minecraft:play_one_minute":9886,"minecraft:sprint_one_cm":17459,"minecraft:deaths":1,"minecraft:damage_taken":290,"minecraft:walk_one_cm":11719,"minecraft:walk_under_water_one_cm":1791,"minecraft:mob_kills":3,"minecraft:jump":213,"minecraft:damage_dealt":545,"minecraft:leave_game":2,"minecraft:time_since_death":630,"minecraft:walk_on_water_one_cm":3119,"minecraft:swim_one_cm":4118,"minecraft:fall_one_cm":8846,"minecraft:fly_one_cm":45066,"minecraft:horse_one_cm":2431}},"DataVersion":2586}