{"stat.useItem.iceandfire.fire_dragon_flesh":3,"stat.pickup.iceandfire.fire_dragon_flesh":5,"stat.pickup.exoticbirds.bluejay_egg":3,"stat.useItem.minecraft.iron_axe":2,"stat.pickup.exoticbirds.cooked_birdmeat":3,"stat.leaveGame":1,"stat.mineBlock.minecraft.cobblestone":4,"stat.pickup.exoticbirds.seagull_egg":2,"stat.swimOneCm":4440,"stat.pickup.chococraft.chocobo_drumstick_raw":4,"stat.useItem.minecraft.stone_slab2":6,"stat.craftItem.minecraft.furnace":1,"stat.useItem.exoticbirds.ostrich_egg":1,"stat.pickup.exoticbirds.eggshell":6,"stat.craftItem.minecraft.stone_axe":2,"stat.craftItem.minecraft.iron_boots":1,"stat.craftItem.minecraft.stone_pickaxe":3,"stat.useItem.exoticbirds.cooked_birdmeat":3,"stat.pickup.everlastingabilities.ability_totem":1,"stat.pickup.minecraft.cobblestone":139,"stat.flyOneCm":410312,"stat.entityKilledBy.firedragon":42,"stat.pickup.exoticbirds.kookaburra_egg":1,"stat.pickup.exoticbirds.cassowary_egg":1,"stat.mineBlock.minecraft.iron_ore":15,"stat.timeSinceDeath":9785,"stat.craftItem.minecraft.wooden_pickaxe":2,"stat.killEntity.midnight.rifter":1,"stat.pickup.exoticbirds.peafowl_egg":5,"stat.drop.minecraft.coal":2,"stat.pickup.lycanitesmobs.frostboltcharge":2,"stat.pickup.exoticbirds.mystery_egg":19,"stat.useItem.exoticbirds.pigeon_egg":1,"stat.furnaceInteraction":12,"stat.pickup.iceandfire.dragon_skull":1,"stat.mineBlock.minecraft.coal_ore":9,"stat.drop.iceandfire.dragonbone":1,"stat.useItem.exoticbirds.crane_egg":1,"stat.entityKilledBy.grimoireofgaia.harpy":7,"stat.pickup.minecraft.string":1,"stat.pickup.lycanitesmobs.scorchfireballcharge":3,"stat.entityKilledBy.Skeleton":4,"stat.craftItem.minecraft.stone_slab2":0,"stat.pickup.exoticbirds.heron_egg":1,"stat.pickup.exoticbirds.crane_egg":1,"stat.sprintOneCm":156808,"stat.craftItem.minecraft.stick":8,"stat.useItem.exoticbirds.peafowl_egg":3,"stat.useItem.minecraft.snowball":6,"stat.mineBlock.minecraft.crafting_table":1,"stat.drop.iceandfire.fire_dragon_flesh":2,"stat.pickup.chococraft.gysahl_green_seeds":3,"stat.deaths":79,"stat.pickup.valoegheses_be.berry_bush":3,"stat.drop":5,"stat.playOneMinute":56596,"stat.pickup.zawa.care_guide":1,"stat.pickup.exoticbirds.roadrunner_egg":1,"stat.pickup.minecraft.snowball":6,"stat.pickup.primitivemobs.camouflage_dye":5,"stat.pickup.iceandfire.chared_dirt":11,"stat.mineBlock.minecraft.tallgrass":7,"stat.diveOneCm":724,"stat.chestOpened":10,"stat.pickup.exoticbirds.duck_egg":3,"stat.pickup.iceandfire.dragonscales_bronze":13,"stat.pickup.exoticbirds.ostrich_egg":1,"maka.kill":2,"stat.mineBlock.valoegheses_be.bush_small":2,"stat.useItem.minecraft.apple":1,"stat.craftItem.minecraft.coal":3,"stat.pickup.everlastingabilities.ability_bottle":1,"stat.jump":1539,"stat.pickup.minecraft.coal":13,"stat.fallOneCm":64787,"stat.entityKilledBy.grimoireofgaia.gelatinous_slime":1,"stat.pickup.exoticbirds.hummingbird_egg":2,"stat.pickup.exoticbirds.swan_egg":1,"stat.useItem.minecraft.stone_axe":32,"stat.crouchOneCm":1162,"stat.pickup.iceandfire.chared_stone":3,"stat.pickup.exoticbirds.gouldianfinch_egg":5,"stat.pickup.minecraft.spider_eye":1,"stat.entityKilledBy.grimoireofgaia.werecat":4,"stat.craftItem.minecraft.torch":4,"stat.craftItem.minecraft.iron_ingot":21,"stat.pickup.minecraft.dirt":5,"stat.craftItem.minecraft.iron_helmet":1,"stat.craftingTableInteraction":10,"stat.pickup.minecraft.iron_ore":23,"stat.useItem.exoticbirds.gouldianfinch_egg":2,"stat.craftItem.iceandfire.armor_bronze_leggings":1,"stat.useItem.exoticbirds.hummingbird_egg":1,"stat.useItem.exoticbirds.bluejay_egg":1,"stat.damageTaken":20872,"stat.pickup.minecraft.leather":3,"stat.pickup.lycanitesmobs.raw_maka_meat":5,"stat.mineBlock.minecraft.torch":3,"stat.useItem.minecraft.wooden_pickaxe":10,"stat.pickup.minecraft.wheat_seeds":5,"stat.pickup.lycanitesmobs.geonachspear":1,"stat.useItem.minecraft.stone_pickaxe":145,"stat.damageDealt":2753,"stat.pickup.iceandfire.chared_grass":5,"stat.pickup.chococraft.gysahl_green":1,"stat.pickup.exoticbirds.pelican_egg":1,"stat.mineBlock.minecraft.dirt":3,"geonach.kill":1,"stat.walkOneCm":186772,"stat.pickup.exoticbirds.flamingo_egg":2,"stat.useItem.minecraft.torch":3,"stat.pickup.lycanitesmobs.geonachfist":1,"stat.pickup.minecraft.stick":25,"stat.pickup.minecraft.crafting_table":1,"stat.pickup.minecraft.clay_ball":7,"stat.useItem.minecraft.cobblestone":20,"stat.craftItem.minecraft.crafting_table":3,"stat.pickup.lycanitesmobs.embercharge":10,"stat.useItem.valoegheses_be.berry_bush":3,"stat.pickup.minecraft.log":17,"stat.mineBlock.zawa.golden_sparks":1,"stat.pickup.minecraft.stone":8,"stat.mineBlock.exoticbirds.nest":1,"stat.craftItem.minecraft.iron_chestplate":1,"stat.pickup.minecraft.sapling":13,"stat.pickup.minecraft.apple":1,"stat.craftItem.minecraft.planks":28,"stat.mobKills":7,"stat.mineBlock.minecraft.log":17,"stat.pickup.minecraft.quartz":20,"stat.useItem.exoticbirds.parrot_egg":3,"stat.pickup.iceandfire.dragonbone":2,"cinder.kill":1,"stat.useItem.exoticbirds.seagull_egg":2,"stat.mineBlock.minecraft.leaves":3,"stat.pickup.minecraft.torch":3,"stat.sneakTime":812,"stat.pickup.minecraft.rabbit":1,"stat.mineBlock.minecraft.stone":124}